"date","symbol","susir"
"2017/03/29","AKAM",-2.66416654688858
"2017/03/29","FSLR",-2.64721506109294
"2017/03/29","CTL",-2.59915180670597
"2017/03/29","AAP",-2.56158552930185
"2017/03/29","ORLY",-2.37095081996329
"2017/03/29","DVN",-2.33114634859629
"2017/03/29","PAYX",-2.29475842077398
"2017/03/29","TROW",-2.26174895980921
"2017/03/29","AME",-2.22224167144149
"2017/03/29","ABBV",-2.12683959838461
"2017/03/29","OKE",-2.10216589245215
"2017/03/29","PRU",-2.09599691647231
"2017/03/29","RF",-2.04075270084495
"2017/03/29","MSI",-2.03919958079936
"2017/03/29","MMC",-1.95536270409845
"2017/03/29","ADS",-1.9269047109324
"2017/03/29","ARNC",-1.92443200397528
"2017/03/29","AFL",-1.92343239633184
"2017/03/29","MPC",-1.91010900094916
"2017/03/29","RRC",-1.888946069963
"2017/03/29","WMB",-1.86465885620985
"2017/03/29","REG",-1.85332254732749
"2017/03/29","FAST",-1.84635825032853
"2017/03/29","RSG",-1.81059841091842
"2017/03/29","PHM",-1.79890462441035
"2017/03/29","CVS",-1.79722986687214
"2017/03/29","HOG",-1.79454827625145
"2017/03/29","CHTR",-1.78995659339837
"2017/03/29","NRG",-1.78773319574316
"2017/03/29","COO",-1.78051029237859
"2017/03/29","BBY",-1.76692116552433
"2017/03/29","NFLX",-1.68900319676861
"2017/03/29","MCK",-1.67902671695543
"2017/03/29","MDT",-1.67702267968614
"2017/03/29","JNJ",-1.64888676039385
"2017/03/29","SJM",-1.64862783614306
"2017/03/29","AZO",-1.61200924835239
"2017/03/29","CTXS",-1.60823651860166
"2017/03/29","PYPL",-1.6068117702042
"2017/03/29","NDAQ",-1.59334877386993
"2017/03/29","UPS",-1.58995115685267
"2017/03/29","FFIV",-1.5888047591829
"2017/03/29","KHC",-1.58642891745533
"2017/03/29","REGN",-1.57536193230035
"2017/03/29","HD",-1.57277232350905
"2017/03/29","HCN",-1.5698618045526
"2017/03/29","WMT",-1.56718962529459
"2017/03/29","LNT",-1.5663648880213
"2017/03/29","LKQ",-1.56502314476035
"2017/03/29","TSO",-1.56460288678498
"2017/03/29","LUV",1.05883932724666
"2017/03/29","DFS",1.07418850327166
"2017/03/29","DISCA",1.07739364309047
"2017/03/29","ATVI",1.08386861209167
"2017/03/29","WBA",1.09105226420719
"2017/03/29","APA",1.09469524426913
"2017/03/29","FLR",1.09717963103891
"2017/03/29","EQR",1.10073004114068
"2017/03/29","LEN",1.10198009128826
"2017/03/29","INCY",1.11263408505073
"2017/03/29","TIF",1.12220160801537
"2017/03/29","HP",1.14155814956027
"2017/03/29","UAL",1.14882047060335
"2017/03/29","EA",1.16745027696931
"2017/03/29","KSS",1.17144556591382
"2017/03/29","OMC",1.17612402588497
"2017/03/29","NWL",1.17787010545492
"2017/03/29","KSU",1.19480329487604
"2017/03/29","URI",1.20603792966644
"2017/03/29","YHOO",1.21985628629683
"2017/03/29","SWK",1.22714066464966
"2017/03/29","TGT",1.23980214464878
"2017/03/29","UNM",1.25241868558813
"2017/03/29","CMG",1.25720254474702
"2017/03/29","SLB",1.2671683239133
"2017/03/29","FRT",1.29275915222709
"2017/03/29","KR",1.294191792728
"2017/03/29","XYL",1.3087440372044
"2017/03/29","LYB",1.34230146455059
"2017/03/29","IR",1.35032716056929
"2017/03/29","DHI",1.3603317862207
"2017/03/29","SBUX",1.4137271289667
"2017/03/29","AAPL",1.43399783262766
"2017/03/29","AVGO",1.48158526906376
"2017/03/29","NEE",1.48178042510646
"2017/03/29","MRK",1.49826767031231
"2017/03/29","HBI",1.52088818393627
"2017/03/29","SIG",1.53277154669592
"2017/03/29","FOX",1.55748953426117
"2017/03/29","GGP",1.5998779534054
"2017/03/29","JEC",1.60698034671212
"2017/03/29","ZION",1.68735115776258
"2017/03/29","DOV",1.74097500005075
"2017/03/29","MAT",1.85550680562055
"2017/03/29","GPN",1.88293486587153
"2017/03/29","FL",1.88655524099461
"2017/03/29","MS",1.96337254867431
"2017/03/29","JPM",2.01675324366503
"2017/03/29","EL",2.19515274179507
"2017/03/29","SEE",2.21586561395085
"2017/03/30","ULTA",-2.42112539704354
"2017/03/30","GWW",-2.39078946203727
"2017/03/30","PBCT",-2.38812244411197
"2017/03/30","HRB",-2.32975690341137
"2017/03/30","AAP",-2.22940867733887
"2017/03/30","WFM",-2.21478017034745
"2017/03/30","WU",-2.17763868561601
"2017/03/30","NI",-2.1268056559392
"2017/03/30","AVB",-2.12240670995227
"2017/03/30","LMT",-2.07663126692665
"2017/03/30","MAT",-2.06233490223428
"2017/03/30","EL",-1.95441886870489
"2017/03/30","INTU",-1.93643153321816
"2017/03/30","IR",-1.89517845540936
"2017/03/30","LOW",-1.88321350608048
"2017/03/30","PSX",-1.80566639537357
"2017/03/30","RHI",-1.75941915646334
"2017/03/30","RSG",-1.75789117235767
"2017/03/30","WM",-1.73243085265536
"2017/03/30","FITB",-1.72351772864992
"2017/03/30","LEG",-1.71138595683049
"2017/03/30","TAP",-1.71094534358366
"2017/03/30","ALB",-1.68072483179731
"2017/03/30","UNH",-1.67618736033129
"2017/03/30","AKAM",-1.65166475584429
"2017/03/30","AMGN",-1.64900676567255
"2017/03/30","PRGO",-1.63459448705932
"2017/03/30","CF",-1.63086083774247
"2017/03/30","WYN",-1.6286623704502
"2017/03/30","DNB",-1.56404566606832
"2017/03/30","CHTR",-1.56346139351154
"2017/03/30","EW",-1.55868740542148
"2017/03/30","PDCO",-1.55245342456372
"2017/03/30","AMG",-1.55000678793173
"2017/03/30","CMI",-1.52559014705661
"2017/03/30","KLAC",-1.48474824786627
"2017/03/30","DE",-1.48138909464488
"2017/03/30","UDR",-1.46740334486174
"2017/03/30","MAS",-1.46671227127769
"2017/03/30","M",-1.46208434139155
"2017/03/30","NTAP",-1.46193189807518
"2017/03/30","LLL",-1.45666109273852
"2017/03/30","UTX",-1.43576919131961
"2017/03/30","WRK",-1.43290313999
"2017/03/30","PH",-1.4207822708317
"2017/03/30","FTV",-1.42023795937271
"2017/03/30","SNA",-1.41610010598482
"2017/03/30","AES",-1.4097415276392
"2017/03/30","PNW",-1.40911456858272
"2017/03/30","MMC",-1.39940869203552
"2017/03/30","UNM",1.32642124976817
"2017/03/30","COTY",1.32944166919384
"2017/03/30","MSI",1.33114630312624
"2017/03/30","UHS",1.33317967336742
"2017/03/30","EQIX",1.33911519513211
"2017/03/30","CTSH",1.33980113818001
"2017/03/30","EBAY",1.35252233116836
"2017/03/30","EOG",1.35728353538747
"2017/03/30","T",1.38011287897709
"2017/03/30","ANTM",1.41420479396826
"2017/03/30","AAPL",1.43687727723992
"2017/03/30","INTC",1.43923155907364
"2017/03/30","DLR",1.45372943974327
"2017/03/30","CB",1.46772135681213
"2017/03/30","STT",1.47381275533011
"2017/03/30","TJX",1.47865691642373
"2017/03/30","CAH",1.50738657109576
"2017/03/30","JEC",1.52026682904331
"2017/03/30","SYF",1.53744173727671
"2017/03/30","PXD",1.543937257468
"2017/03/30","IP",1.55225670569909
"2017/03/30","JPM",1.55919724010897
"2017/03/30","MCHP",1.57159688684717
"2017/03/30","TGNA",1.58062198166275
"2017/03/30","AEE",1.585430671224
"2017/03/30","CSRA",1.58971994107475
"2017/03/30","QRVO",1.59740997873042
"2017/03/30","CNC",1.6286358845725
"2017/03/30","SWK",1.62923532950613
"2017/03/30","UA",1.64864761327654
"2017/03/30","PFE",1.65354231065632
"2017/03/30","NUE",1.66291579268824
"2017/03/30","ALL",1.68354871352533
"2017/03/30","HCA",1.68947630026274
"2017/03/30","IDXX",1.70092709931724
"2017/03/30","CMS",1.71159582478798
"2017/03/30","WEC",1.73576378424203
"2017/03/30","AWK",1.81117818737102
"2017/03/30","MRK",1.84742324584137
"2017/03/30","FLR",1.8479857301887
"2017/03/30","VMC",1.90208451435118
"2017/03/30","SBUX",1.90755452335899
"2017/03/30","AGN",2.07188112810444
"2017/03/30","TGT",2.12479483484806
"2017/03/30","SLB",2.12527098062478
"2017/03/30","NOC",2.14848799468217
"2017/03/30","JWN",2.2289662915487
"2017/03/30","PNC",2.40679724247031
"2017/03/30","AVY",2.46329490237231
"2017/03/30","PPL",2.46621893688368
"2017/03/31","MAC",-2.94217740427826
"2017/03/31","CAT",-2.76222563989415
"2017/03/31","RCL",-2.40126380655242
"2017/03/31","EFX",-2.35560539624522
"2017/03/31","USB",-2.17524107557044
"2017/03/31","BMY",-2.05246569962455
"2017/03/31","V",-1.9901307311164
"2017/03/31","PSA",-1.9819017613126
"2017/03/31","BLL",-1.97402422035849
"2017/03/31","DAL",-1.94438772636649
"2017/03/31","SNI",-1.86979541252516
"2017/03/31","TROW",-1.79617734494113
"2017/03/31","MSI",-1.78534858582584
"2017/03/31","SRE",-1.76715881842756
"2017/03/31","MCO",-1.72257838205433
"2017/03/31","MTB",-1.71390724096423
"2017/03/31","MMC",-1.69954669826771
"2017/03/31","VZ",-1.66100852100393
"2017/03/31","KR",-1.64782630588603
"2017/03/31","BLK",-1.63710578882542
"2017/03/31","PHM",-1.61060494842004
"2017/03/31","AES",-1.60728434594946
"2017/03/31","HON",-1.60303731925039
"2017/03/31","NTRS",-1.59858469966
"2017/03/31","FFIV",-1.59150039748115
"2017/03/31","ATVI",-1.58398227881632
"2017/03/31","VTR",-1.572679131767
"2017/03/31","NDAQ",-1.55194790859954
"2017/03/31","JNJ",-1.54897079107796
"2017/03/31","EL",-1.53968015334025
"2017/03/31","WFC",-1.53609574551454
"2017/03/31","WAT",-1.53121133902239
"2017/03/31","ORLY",-1.52753424212051
"2017/03/31","KORS",-1.52042209882686
"2017/03/31","AMAT",-1.51575032264232
"2017/03/31","UTX",-1.50271220169464
"2017/03/31","M",-1.49668198899066
"2017/03/31","CFG",-1.47973906824985
"2017/03/31","RF",-1.47195098551764
"2017/03/31","WRK",-1.44879353261596
"2017/03/31","ALK",-1.4388794389811
"2017/03/31","TXT",-1.4379166902673
"2017/03/31","PBCT",-1.43170111299915
"2017/03/31","FMC",-1.43133555651585
"2017/03/31","MON",-1.42618287144656
"2017/03/31","AVGO",-1.41894766582008
"2017/03/31","DHI",-1.4175587302933
"2017/03/31","INTU",-1.4024481199568
"2017/03/31","IPG",-1.38195314966028
"2017/03/31","AAP",-1.37610905419465
"2017/03/31","CMCSA",1.37109068676325
"2017/03/31","BK",1.37574828608977
"2017/03/31","ECL",1.38677489962709
"2017/03/31","CF",1.39586090694481
"2017/03/31","ETFC",1.40137490571989
"2017/03/31","VRTX",1.40260036112242
"2017/03/31","CSCO",1.416132308157
"2017/03/31","CELG",1.41806583341453
"2017/03/31","CVX",1.42720164089323
"2017/03/31","TIF",1.43525108432431
"2017/03/31","XOM",1.44008921552305
"2017/03/31","AMZN",1.44014862333419
"2017/03/31","CMS",1.45496401410255
"2017/03/31","TGT",1.46290622521227
"2017/03/31","EXPE",1.4632290266552
"2017/03/31","CMG",1.4665787906705
"2017/03/31","AYI",1.47581605800724
"2017/03/31","CTXS",1.47896215220394
"2017/03/31","HES",1.48747309632926
"2017/03/31","PXD",1.50168498988956
"2017/03/31","HRB",1.52867974564274
"2017/03/31","UNP",1.53941884297841
"2017/03/31","SYF",1.55037122261648
"2017/03/31","PYPL",1.55371885472138
"2017/03/31","MAA",1.64143436498629
"2017/03/31","MNST",1.64527155300366
"2017/03/31","NWS",1.64636466218475
"2017/03/31","FDX",1.65455267485257
"2017/03/31","AAPL",1.67586817779299
"2017/03/31","EQIX",1.68225120405937
"2017/03/31","DLR",1.70845080363951
"2017/03/31","ABC",1.73712958815956
"2017/03/31","COG",1.75112262514898
"2017/03/31","BHI",1.78264873820666
"2017/03/31","CBOE",1.79483176340274
"2017/03/31","VNO",1.80529121084861
"2017/03/31","PPL",1.81997962990002
"2017/03/31","BEN",1.88582383625763
"2017/03/31","APC",1.92564382586561
"2017/03/31","DLPH",1.93303606120481
"2017/03/31","ROST",1.98986485522015
"2017/03/31","DFS",1.99664113792338
"2017/03/31","STI",2.06688952346268
"2017/03/31","HRL",2.19295485699506
"2017/03/31","TRV",2.20695293244669
"2017/03/31","AN",2.27164587919674
"2017/03/31","AAL",2.31334201656269
"2017/03/31","PLD",2.41822666574829
"2017/03/31","PNC",2.50152632305645
"2017/03/31","HOLX",2.7530527760896
"2017/04/01","HOG",-2.79585736290754
"2017/04/01","TSO",-2.60505334222804
"2017/04/01","R",-2.57051387133991
"2017/04/01","GT",-2.48560458972992
"2017/04/01","JPM",-2.20552178942739
"2017/04/01","AES",-2.17030230803328
"2017/04/01","SIG",-2.09264261487608
"2017/04/01","SNA",-2.08101467952985
"2017/04/01","MAR",-2.05483907160873
"2017/04/01","RL",-1.98196681183474
"2017/04/01","CHRW",-1.87864934293139
"2017/04/01","ARNC",-1.85763308251446
"2017/04/01","ORLY",-1.8561615048474
"2017/04/01","D",-1.83300536453739
"2017/04/01","MON",-1.82158452021871
"2017/04/01","CTXS",-1.80198371893459
"2017/04/01","SCG",-1.76149172984752
"2017/04/01","UTX",-1.74600326963099
"2017/04/01","NTAP",-1.74379045930666
"2017/04/01","NUE",-1.73091322959532
"2017/04/01","JNPR",-1.71752156625996
"2017/04/01","NEE",-1.71481693677417
"2017/04/01","EL",-1.65683941144504
"2017/04/01","AJG",-1.63347179400858
"2017/04/01","TXN",-1.63135490722027
"2017/04/01","HON",-1.62615880586992
"2017/04/01","BLL",-1.62575234485297
"2017/04/01","TIF",-1.61619711652494
"2017/04/01","CMA",-1.61211571232991
"2017/04/01","CTAS",-1.59825898813111
"2017/04/01","V",-1.57713230780256
"2017/04/01","LLL",-1.57545848720339
"2017/04/01","NOV",-1.57128432677206
"2017/04/01","A",-1.56835054672039
"2017/04/01","HD",-1.52381441426848
"2017/04/01","PRGO",-1.50965956220508
"2017/04/01","EXPD",-1.49623783170878
"2017/04/01","LB",-1.49296688991497
"2017/04/01","LYB",-1.4838090091443
"2017/04/01","SCHW",-1.47530059746254
"2017/04/01","BDX",-1.45659476879971
"2017/04/01","TROW",-1.45413282949793
"2017/04/01","PNW",-1.45335353120543
"2017/04/01","LEG",-1.44366453230204
"2017/04/01","EVHC",-1.44109933061014
"2017/04/01","INTU",-1.44033452284353
"2017/04/01","APH",-1.43427492251925
"2017/04/01","ABBV",-1.42002925020965
"2017/04/01","FTI",-1.41647745532201
"2017/04/01","CB",-1.4145903314032
"2017/04/01","CCI",1.28552756907499
"2017/04/01","CLX",1.29586320284186
"2017/04/01","PNC",1.30597615795204
"2017/04/01","HRL",1.31858161326752
"2017/04/01","MMM",1.33239378449313
"2017/04/01","NWS",1.33585125022667
"2017/04/01","ED",1.33988817184711
"2017/04/01","COP",1.38558975208159
"2017/04/01","PDCO",1.40044572756823
"2017/04/01","UDR",1.42478598680219
"2017/04/01","KHC",1.43352001356284
"2017/04/01","AON",1.44424526204984
"2017/04/01","DE",1.44941079032086
"2017/04/01","FISV",1.44992161082342
"2017/04/01","CTSH",1.45712463894419
"2017/04/01","GPN",1.459204474128
"2017/04/01","AYI",1.47390371950962
"2017/04/01","INTC",1.47463622198486
"2017/04/01","CPB",1.48922036098953
"2017/04/01","FAST",1.49515020555153
"2017/04/01","TSS",1.50271883124519
"2017/04/01","URI",1.50676713984587
"2017/04/01","ADM",1.53158148741502
"2017/04/01","ULTA",1.55276054113769
"2017/04/01","HUM",1.56401066162025
"2017/04/01","NTRS",1.58639073666203
"2017/04/01","T",1.62808510279221
"2017/04/01","PRU",1.68213218243934
"2017/04/01","XLNX",1.73971038598013
"2017/04/01","C",1.75420317355131
"2017/04/01","BEN",1.78134964898793
"2017/04/01","AN",1.80153422200224
"2017/04/01","NWL",1.80430941310326
"2017/04/01","PBCT",1.83634467524193
"2017/04/01","AMP",1.84108167548011
"2017/04/01","GPS",1.87127467365382
"2017/04/01","DLTR",1.87238692018796
"2017/04/01","GM",1.87477148932873
"2017/04/01","AWK",1.90496536048149
"2017/04/01","XOM",1.91186992569749
"2017/04/01","O",1.95858270282092
"2017/04/01","ZBH",2.02147113642777
"2017/04/01","ETR",2.03271304224263
"2017/04/01","LNC",2.06247118771538
"2017/04/01","FBHS",2.08485392698209
"2017/04/01","FLIR",2.10622975038228
"2017/04/01","SPGI",2.20300111813129
"2017/04/01","ADI",2.21240758404684
"2017/04/01","BSX",2.22317465973609
"2017/04/01","AAL",2.7218815717268
"2017/04/04","PPL",-2.42729068636842
"2017/04/04","FOXA",-2.06354559987651
"2017/04/04","CME",-1.97201860145165
"2017/04/04","ABT",-1.86788775715758
"2017/04/04","DOW",-1.86057413735785
"2017/04/04","BLL",-1.84782691539302
"2017/04/04","GWW",-1.79129765383929
"2017/04/04","INTU",-1.78763841622198
"2017/04/04","XEC",-1.73085752221469
"2017/04/04","EBAY",-1.71354258549515
"2017/04/04","ESS",-1.65607653082977
"2017/04/04","HON",-1.64172326550339
"2017/04/04","ETN",-1.59893010036921
"2017/04/04","FLIR",-1.58391400850274
"2017/04/04","GOOGL",-1.58254689935532
"2017/04/04","MMM",-1.5320094726591
"2017/04/04","JPM",-1.52723880831748
"2017/04/04","MAR",-1.51077829953353
"2017/04/04","ADP",-1.50478173485742
"2017/04/04","PYPL",-1.47316623994057
"2017/04/04","MDLZ",-1.45280427024335
"2017/04/04","DISCK",-1.44693895933749
"2017/04/04","GT",-1.44137065120411
"2017/04/04","BK",-1.42578733294338
"2017/04/04","DTE",-1.40307765738267
"2017/04/04","PCLN",-1.39983362797156
"2017/04/04","RCL",-1.39607259865982
"2017/04/04","AMP",-1.39300532890165
"2017/04/04","IR",-1.38570256101387
"2017/04/04","YUM",-1.37905276802772
"2017/04/04","LVLT",-1.37297983334892
"2017/04/04","REG",-1.36450480131773
"2017/04/04","SPLS",-1.35900725598377
"2017/04/04","WAT",-1.35400974381322
"2017/04/04","MAS",-1.31016234964754
"2017/04/04","GOOG",-1.28603424835793
"2017/04/04","WRK",-1.28148685556794
"2017/04/04","ALK",-1.27367423921873
"2017/04/04","IFF",-1.26493902693275
"2017/04/04","DHI",-1.26355649172083
"2017/04/04","SO",-1.2483597953829
"2017/04/04","TSO",-1.24579040678862
"2017/04/04","BA",-1.21130620103523
"2017/04/04","NOV",-1.19377526077643
"2017/04/04","CNC",-1.18787143804801
"2017/04/04","PPG",-1.18635788838717
"2017/04/04","SYMC",-1.17986376925122
"2017/04/04","ALB",-1.17855602056783
"2017/04/04","HSY",-1.17813595792789
"2017/04/04","CBS",-1.14879731339719
"2017/04/04","OXY",1.48700969768399
"2017/04/04","AMGN",1.49240633179158
"2017/04/04","PNW",1.49640522165529
"2017/04/04","JEC",1.50150814168656
"2017/04/04","CHK",1.50256960556416
"2017/04/04","IDXX",1.50302234338148
"2017/04/04","ES",1.50514099310045
"2017/04/04","ALXN",1.50663539705067
"2017/04/04","RAI",1.51729273685109
"2017/04/04","MDT",1.5383973472188
"2017/04/04","XOM",1.54452083423843
"2017/04/04","KMI",1.56526834818024
"2017/04/04","AIZ",1.57252369824552
"2017/04/04","HPE",1.58053487494745
"2017/04/04","ABC",1.58518836523569
"2017/04/04","SCHW",1.59217292832244
"2017/04/04","GPC",1.5972598203389
"2017/04/04","HST",1.62525630474088
"2017/04/04","LNC",1.64159701772018
"2017/04/04","AMZN",1.65796294680511
"2017/04/04","DFS",1.67666277507748
"2017/04/04","LH",1.69116656923582
"2017/04/04","LB",1.6995866963875
"2017/04/04","HCA",1.709614652446
"2017/04/04","DNB",1.72450351829897
"2017/04/04","WMB",1.73529204414084
"2017/04/04","SWN",1.74580567229498
"2017/04/04","FDX",1.7507400031052
"2017/04/04","COTY",1.79187207184611
"2017/04/04","SLG",1.80480161307981
"2017/04/04","DLPH",1.83245424364108
"2017/04/04","EQIX",1.85743295928009
"2017/04/04","MAA",1.86006931374714
"2017/04/04","CTSH",1.88616117059597
"2017/04/04","C",1.94938020687887
"2017/04/04","T",1.97635523353849
"2017/04/04","XRAY",1.97660246430136
"2017/04/04","RL",1.98841363181546
"2017/04/04","PG",2.00820451807331
"2017/04/04","KHC",2.0115824004512
"2017/04/04","SLB",2.05328731140764
"2017/04/04","DIS",2.05735023457319
"2017/04/04","HIG",2.07580539242435
"2017/04/04","AAPL",2.0845557779801
"2017/04/04","JBHT",2.1431620832898
"2017/04/04","CFG",2.14598876261853
"2017/04/04","SYF",2.15937438883834
"2017/04/04","ADI",2.21013621599356
"2017/04/04","INCY",2.2882431044875
"2017/04/04","ZBH",2.39303546940385
"2017/04/05","ESRX",-2.46393025427608
"2017/04/05","VRSN",-2.34948519616043
"2017/04/05","ITW",-2.3269813435106
"2017/04/05","ABT",-2.11646136499083
"2017/04/05","SNI",-2.07076144402034
"2017/04/05","UNM",-2.01717968946594
"2017/04/05","MOS",-1.97321949589984
"2017/04/05","JNJ",-1.9504972375603
"2017/04/05","KR",-1.90181268774116
"2017/04/05","CHRW",-1.89399352292731
"2017/04/05","ADM",-1.88238660351481
"2017/04/05","CINF",-1.85869175388448
"2017/04/05","FIS",-1.84998803988955
"2017/04/05","DGX",-1.8045039099783
"2017/04/05","DD",-1.80168730342606
"2017/04/05","MCD",-1.79046200602569
"2017/04/05","WEC",-1.77221131711645
"2017/04/05","FOXA",-1.76922626775979
"2017/04/05","ALB",-1.74104109105847
"2017/04/05","EIX",-1.70314025925156
"2017/04/05","TRIP",-1.68490540781473
"2017/04/05","COH",-1.66863440987863
"2017/04/05","ACN",-1.66720442328819
"2017/04/05","EXPE",-1.66206139727656
"2017/04/05","LLL",-1.65918085881244
"2017/04/05","NOC",-1.65773893252163
"2017/04/05","TSO",-1.6483221505307
"2017/04/05","NEM",-1.64488236576888
"2017/04/05","ZTS",-1.64213597284642
"2017/04/05","LRCX",-1.64060314296943
"2017/04/05","EMR",-1.61074874860107
"2017/04/05","HES",-1.5908337061762
"2017/04/05","FB",-1.58388974121174
"2017/04/05","NWS",-1.49657212657751
"2017/04/05","GIS",-1.4933189564988
"2017/04/05","FTV",-1.49233081338935
"2017/04/05","RHT",-1.48270102063077
"2017/04/05","HON",-1.48116311685819
"2017/04/05","SYK",-1.47603629663506
"2017/04/05","CME",-1.47529264062322
"2017/04/05","SYMC",-1.46228938490765
"2017/04/05","FLS",-1.46154237517061
"2017/04/05","MAS",-1.45500700660061
"2017/04/05","WAT",-1.45268133237132
"2017/04/05","NUE",-1.41458541552433
"2017/04/05","PM",-1.4112426268756
"2017/04/05","KIM",-1.37418511507652
"2017/04/05","BEN",-1.3741531003602
"2017/04/05","HBAN",-1.33889956585322
"2017/04/05","MMM",-1.33386478165705
"2017/04/05","D",1.39416270592985
"2017/04/05","XRX",1.39819719131077
"2017/04/05","TGNA",1.40259816807202
"2017/04/05","VLO",1.4057567581902
"2017/04/05","UA",1.41492711160726
"2017/04/05","BCR",1.4167718381817
"2017/04/05","BBBY",1.41724916471162
"2017/04/05","CERN",1.42246969064908
"2017/04/05","APH",1.42531229970728
"2017/04/05","UAL",1.45315222734572
"2017/04/05","CHTR",1.45670272573543
"2017/04/05","IVZ",1.46908174856959
"2017/04/05","PCAR",1.49913011418618
"2017/04/05","STX",1.51891217682709
"2017/04/05","FL",1.51961133189715
"2017/04/05","LH",1.52842968046135
"2017/04/05","AEP",1.53218724179102
"2017/04/05","TXT",1.53958339107288
"2017/04/05","INCY",1.55645170684994
"2017/04/05","COTY",1.58931510228436
"2017/04/05","C",1.59388713331517
"2017/04/05","VRTX",1.60699398509986
"2017/04/05","CRM",1.61097454224494
"2017/04/05","ROK",1.61273760115555
"2017/04/05","WLTW",1.61494142250224
"2017/04/05","PWR",1.61555299152493
"2017/04/05","NBL",1.6379660326292
"2017/04/05","FAST",1.64359176181229
"2017/04/05","AET",1.68597738090375
"2017/04/05","LNC",1.68601548119246
"2017/04/05","HBI",1.69770620699993
"2017/04/05","MAA",1.70693034724841
"2017/04/05","L",1.75540170089281
"2017/04/05","CFG",1.84064961430046
"2017/04/05","ADI",1.88966428680304
"2017/04/05","MRK",1.90080986783565
"2017/04/05","VTR",1.92080956860296
"2017/04/05","PRGO",1.93118739822617
"2017/04/05","PLD",1.94866218904603
"2017/04/05","ALXN",1.9608019805095
"2017/04/05","PGR",1.97785300422868
"2017/04/05","ETR",2.07377865152702
"2017/04/05","ADBE",2.07386472868217
"2017/04/05","CI",2.16991049769066
"2017/04/05","LB",2.17593624416251
"2017/04/05","BAX",2.18256104731706
"2017/04/05","IBM",2.20810165832782
"2017/04/05","TSN",2.22913836014615
"2017/04/05","KMB",2.28659355175268
"2017/04/05","MTD",2.61546388998634
"2017/04/06","TRIP",-2.66508137800651
"2017/04/06","WHR",-2.63188122719264
"2017/04/06","FB",-2.37274173615319
"2017/04/06","EA",-2.24948520847423
"2017/04/06","LUV",-2.22266743967217
"2017/04/06","GPC",-2.20314034772273
"2017/04/06","TIF",-1.92416347450512
"2017/04/06","AMT",-1.91108503093288
"2017/04/06","MAC",-1.90619504139063
"2017/04/06","COH",-1.8938054140446
"2017/04/06","HSIC",-1.86574847206774
"2017/04/06","BLL",-1.86050374518561
"2017/04/06","PFG",-1.84298420916155
"2017/04/06","HON",-1.84171205905641
"2017/04/06","NVDA",-1.79070501998022
"2017/04/06","MAS",-1.77366726512559
"2017/04/06","DNB",-1.77255512656815
"2017/04/06","ROST",-1.76550008378607
"2017/04/06","TJX",-1.71372672376143
"2017/04/06","HRL",-1.70339183476062
"2017/04/06","PRGO",-1.65620661875912
"2017/04/06","CBG",-1.64313350622824
"2017/04/06","CTSH",-1.64285319904422
"2017/04/06","PX",-1.63304677842594
"2017/04/06","AVB",-1.5968435309002
"2017/04/06","IRM",-1.576535305676
"2017/04/06","DOV",-1.56991445214643
"2017/04/06","DOW",-1.56956650722028
"2017/04/06","BSX",-1.5641631467768
"2017/04/06","KEY",-1.52345924769427
"2017/04/06","HRS",-1.5142878164236
"2017/04/06","EXR",-1.51143115506205
"2017/04/06","MA",-1.48378842791328
"2017/04/06","PAYX",-1.46809601097368
"2017/04/06","NWSA",-1.463147118603
"2017/04/06","O",-1.45975340736474
"2017/04/06","HES",-1.43046296299688
"2017/04/06","CPB",-1.4191487922817
"2017/04/06","ESS",-1.38807032860879
"2017/04/06","TSO",-1.38164150160773
"2017/04/06","PDCO",-1.37666320944114
"2017/04/06","TSN",-1.34830095076663
"2017/04/06","KR",-1.34292403290578
"2017/04/06","PHM",-1.34292040081961
"2017/04/06","ALLE",-1.33290709639494
"2017/04/06","GPS",-1.33273758499622
"2017/04/06","EBAY",-1.33048466360881
"2017/04/06","ALB",-1.30705603033488
"2017/04/06","MPC",-1.29405547098183
"2017/04/06","MAR",-1.29163566078742
"2017/04/06","R",1.48748869552614
"2017/04/06","NEM",1.48769637949474
"2017/04/06","CFG",1.49264489046539
"2017/04/06","PWR",1.505311997932
"2017/04/06","VRTX",1.54108624445808
"2017/04/06","INCY",1.54455664156237
"2017/04/06","MNST",1.5485813412381
"2017/04/06","ROK",1.54923641843326
"2017/04/06","ETN",1.58046553638519
"2017/04/06","APH",1.58167799159138
"2017/04/06","KMB",1.5819290393693
"2017/04/06","PGR",1.61077803565714
"2017/04/06","PH",1.63210814781813
"2017/04/06","TXT",1.65119509073621
"2017/04/06","AMZN",1.66581644796481
"2017/04/06","NFX",1.66686625813777
"2017/04/06","HPE",1.67467305040531
"2017/04/06","QCOM",1.68689673577128
"2017/04/06","GRMN",1.68971006504399
"2017/04/06","BXP",1.71148599521288
"2017/04/06","CRM",1.71308728873508
"2017/04/06","YUM",1.71776413692509
"2017/04/06","MCK",1.72686129716768
"2017/04/06","SRE",1.7547778446975
"2017/04/06","LUK",1.76312114238939
"2017/04/06","PSX",1.77765247181076
"2017/04/06","DD",1.80370778361084
"2017/04/06","UPS",1.81550011658821
"2017/04/06","MHK",1.83371310777147
"2017/04/06","M",1.84750555256891
"2017/04/06","BAX",1.86181951813435
"2017/04/06","YHOO",1.86366388852073
"2017/04/06","SHW",1.89019345241661
"2017/04/06","XYL",1.91133702751631
"2017/04/06","HOG",1.93556908506538
"2017/04/06","KORS",1.9364457474469
"2017/04/06","MTB",1.9432747839353
"2017/04/06","T",1.95528734296583
"2017/04/06","STI",2.01094365211257
"2017/04/06","MDT",2.02332151757783
"2017/04/06","CVS",2.03138475758203
"2017/04/06","VZ",2.062735693097
"2017/04/06","LMT",2.10224924105771
"2017/04/06","WLTW",2.22742685991702
"2017/04/06","CMG",2.29874681619748
"2017/04/06","PEG",2.31426369885221
"2017/04/06","TMK",2.33279894776574
"2017/04/06","MNK",2.44475440502768
"2017/04/06","PSA",2.56975999581723
"2017/04/06","ORCL",2.90133661343932
"2017/04/07","AEE",-3.09176371566656
"2017/04/07","DLTR",-2.71731526198247
"2017/04/07","VFC",-2.66047858359571
"2017/04/07","CL",-2.52508846819483
"2017/04/07","URI",-2.25761134245185
"2017/04/07","BBY",-2.24253392051722
"2017/04/07","EBAY",-2.23214487286816
"2017/04/07","SO",-2.13255059999468
"2017/04/07","ICE",-2.03293999376861
"2017/04/07","TRIP",-1.98281726621761
"2017/04/07","MMM",-1.97182384682165
"2017/04/07","AVY",-1.94761628553347
"2017/04/07","PCAR",-1.92291794583641
"2017/04/07","TSO",-1.86305752536809
"2017/04/07","KR",-1.81322288391727
"2017/04/07","WU",-1.7993107403356
"2017/04/07","DFS",-1.74639024268943
"2017/04/07","COF",-1.74526766649876
"2017/04/07","MNK",-1.74073824079234
"2017/04/07","FE",-1.71916255026582
"2017/04/07","GGP",-1.70282117000034
"2017/04/07","PHM",-1.67466759282067
"2017/04/07","FIS",-1.62098664519458
"2017/04/07","KIM",-1.61873694670528
"2017/04/07","SIG",-1.58280212934048
"2017/04/07","PG",-1.58091701361225
"2017/04/07","CBG",-1.55054973828267
"2017/04/07","CMCSA",-1.52033295531983
"2017/04/07","HAS",-1.51005990456087
"2017/04/07","AGN",-1.50702094043723
"2017/04/07","COP",-1.50099462131354
"2017/04/07","DIS",-1.46181866269923
"2017/04/07","TDC",-1.44939484345891
"2017/04/07","ORLY",-1.44728298965304
"2017/04/07","ALB",-1.43281494075111
"2017/04/07","SLB",-1.399767617683
"2017/04/07","CTSH",-1.36943101324746
"2017/04/07","OXY",-1.35495483196973
"2017/04/07","TAP",-1.34562474201111
"2017/04/07","DAL",-1.34366628080197
"2017/04/07","HON",-1.33645172213438
"2017/04/07","IDXX",-1.32528289781207
"2017/04/07","HST",-1.3085834152759
"2017/04/07","NTAP",-1.30109662675272
"2017/04/07","GRMN",-1.29973737315624
"2017/04/07","MAR",-1.2934790148741
"2017/04/07","ESS",-1.29195904673006
"2017/04/07","BXP",-1.28630869996951
"2017/04/07","AIG",-1.27627350846311
"2017/04/07","FOX",-1.27588247351924
"2017/04/07","APH",1.37860818795374
"2017/04/07","AMZN",1.38283622627157
"2017/04/07","AET",1.38918291882525
"2017/04/07","LMT",1.39799674218313
"2017/04/07","DISCK",1.40703046819876
"2017/04/07","JEC",1.41977970690451
"2017/04/07","PH",1.43204449253076
"2017/04/07","TDG",1.43386614554611
"2017/04/07","BCR",1.46559117194967
"2017/04/07","FISV",1.48078913808072
"2017/04/07","LKQ",1.51584339702238
"2017/04/07","AMT",1.52124483225108
"2017/04/07","CSCO",1.52320123287635
"2017/04/07","WYN",1.53012797737852
"2017/04/07","FLS",1.53647979499434
"2017/04/07","NDAQ",1.54188356944072
"2017/04/07","WFM",1.55764907871357
"2017/04/07","LNC",1.5607595403742
"2017/04/07","AMP",1.56728992118925
"2017/04/07","GS",1.57800630975224
"2017/04/07","KLAC",1.59506019409599
"2017/04/07","COL",1.60148613572674
"2017/04/07","AEP",1.60888489942253
"2017/04/07","CAH",1.65628948053588
"2017/04/07","XYL",1.65740348670404
"2017/04/07","CA",1.67988562184789
"2017/04/07","XL",1.68169044498704
"2017/04/07","LUK",1.75470777901001
"2017/04/07","BDX",1.7650728686085
"2017/04/07","PSX",1.79337342726785
"2017/04/07","CMS",1.80713385553977
"2017/04/07","CTXS",1.82495425682898
"2017/04/07","A",1.83951821331147
"2017/04/07","ORCL",1.83987273782295
"2017/04/07","K",1.84405807264123
"2017/04/07","JNJ",1.8553441201762
"2017/04/07","CHD",1.85889055919124
"2017/04/07","PCLN",1.8677242390267
"2017/04/07","CRM",1.87323078196206
"2017/04/07","QCOM",1.88605346545804
"2017/04/07","TGNA",1.88913758192582
"2017/04/07","CB",1.92628516086636
"2017/04/07","CELG",1.93196319205697
"2017/04/07","MTD",1.95163279053483
"2017/04/07","NLSN",2.04402828251303
"2017/04/07","MDLZ",2.06065816946718
"2017/04/07","AAPL",2.09852697960912
"2017/04/07","PLD",2.18816609637616
"2017/04/07","CMA",2.1881674185566
"2017/04/07","STI",2.33456831279441
"2017/04/08","VLO",-2.6579161273854
"2017/04/08","AVB",-2.59088537817219
"2017/04/08","VFC",-2.52973981488102
"2017/04/08","HPQ",-2.39275506323798
"2017/04/08","LLY",-2.33828327685942
"2017/04/08","ALK",-2.20638253596179
"2017/04/08","NFLX",-2.20597078086384
"2017/04/08","EBAY",-2.13616208740699
"2017/04/08","MPC",-2.13532425779833
"2017/04/08","EXC",-2.13183222963378
"2017/04/08","CSX",-2.12089979980056
"2017/04/08","JNPR",-2.04956304759222
"2017/04/08","DOV",-1.95776006818532
"2017/04/08","XRX",-1.93395978962559
"2017/04/08","GRMN",-1.93034016505884
"2017/04/08","GPC",-1.91147070531089
"2017/04/08","CTAS",-1.88831186477552
"2017/04/08","ADSK",-1.88459982931306
"2017/04/08","GGP",-1.87127098724336
"2017/04/08","USB",-1.84095009082005
"2017/04/08","SPLS",-1.83269537823752
"2017/04/08","MU",-1.82034286210726
"2017/04/08","D",-1.80159196378551
"2017/04/08","AVY",-1.78829264500431
"2017/04/08","TRIP",-1.77162735377692
"2017/04/08","COO",-1.74725532356013
"2017/04/08","PCAR",-1.71101859519671
"2017/04/08","SCHW",-1.70383328555379
"2017/04/08","APD",-1.66028945003965
"2017/04/08","PG",-1.65639355684249
"2017/04/08","CL",-1.64715403880762
"2017/04/08","BCR",-1.64050111688986
"2017/04/08","IDXX",-1.6250247748235
"2017/04/08","LLL",-1.61085371057134
"2017/04/08","FL",-1.61000640577521
"2017/04/08","AEE",-1.60746391855344
"2017/04/08","EQIX",-1.60216015588505
"2017/04/08","CCI",-1.5821084213928
"2017/04/08","PHM",-1.58059831480576
"2017/04/08","ALB",-1.56917155363977
"2017/04/08","T",-1.56586191611909
"2017/04/08","EIX",-1.56174697299318
"2017/04/08","ADBE",-1.54791783749456
"2017/04/08","COF",-1.53427440306247
"2017/04/08","EOG",-1.4991789111643
"2017/04/08","EMR",-1.49217023405473
"2017/04/08","KHC",-1.4648450829939
"2017/04/08","HSIC",-1.45314555065022
"2017/04/08","AAP",-1.44141572012144
"2017/04/08","FRT",-1.43642548449245
"2017/04/08","WDC",1.4400006564671
"2017/04/08","SPG",1.44450278877161
"2017/04/08","PEG",1.45950738256132
"2017/04/08","PCLN",1.46050487532239
"2017/04/08","PH",1.46388466212886
"2017/04/08","COST",1.46921660056521
"2017/04/08","CRM",1.5278772038919
"2017/04/08","RTN",1.54522932635233
"2017/04/08","ATVI",1.55943809894149
"2017/04/08","TIF",1.56452297099432
"2017/04/08","MNST",1.60890107103925
"2017/04/08","CMA",1.63619134700166
"2017/04/08","LOW",1.63642964669444
"2017/04/08","AIZ",1.64819020623623
"2017/04/08","WM",1.662544059569
"2017/04/08","KSU",1.67263570836964
"2017/04/08","MDLZ",1.67339084116593
"2017/04/08","BBT",1.67361214245905
"2017/04/08","BDX",1.68564682037522
"2017/04/08","HPE",1.69100206670337
"2017/04/08","SNI",1.69519106631947
"2017/04/08","GPS",1.72566464031711
"2017/04/08","MET",1.73534046125962
"2017/04/08","TDG",1.74662931002459
"2017/04/08","CHD",1.77411208036586
"2017/04/08","RL",1.78471549144745
"2017/04/08","BXP",1.78982836640106
"2017/04/08","MTB",1.79211714982826
"2017/04/08","APC",1.80190197111391
"2017/04/08","CELG",1.82409939633079
"2017/04/08","CCL",1.83486441259274
"2017/04/08","DHR",1.83771570382156
"2017/04/08","LUV",1.84081196209569
"2017/04/08","MO",1.88771024186907
"2017/04/08","PWR",1.89048802503981
"2017/04/08","ROP",1.92048186286803
"2017/04/08","BMY",1.95959257535357
"2017/04/08","HOLX",1.96725962637004
"2017/04/08","EVHC",1.98244904686602
"2017/04/08","SRCL",2.00306487680068
"2017/04/08","CNP",2.02484985405215
"2017/04/08","UDR",2.04112217115994
"2017/04/08","APH",2.07826472537365
"2017/04/08","DTE",2.13898219661069
"2017/04/08","SCG",2.18851922407661
"2017/04/08","ABBV",2.50144113033334
"2017/04/08","PEP",2.54221774160925
"2017/04/08","MHK",2.58684083641789
"2017/04/08","VZ",2.70788593850185
"2017/04/08","AIV",3.10491368462769
"2017/04/11","MUR",-2.41452209164867
"2017/04/11","FSLR",-2.39143609081051
"2017/04/11","BHI",-2.38851600250244
"2017/04/11","KSS",-2.32730495167032
"2017/04/11","NVDA",-2.32269806531154
"2017/04/11","MCK",-2.14613282478593
"2017/04/11","DG",-2.11225905823843
"2017/04/11","BBY",-2.03532012636469
"2017/04/11","ADS",-1.97155386934625
"2017/04/11","DPS",-1.93985850446734
"2017/04/11","CPB",-1.84765327973626
"2017/04/11","DD",-1.8117873848935
"2017/04/11","CAG",-1.80807836587962
"2017/04/11","WY",-1.80491479743843
"2017/04/11","GPC",-1.80482335040097
"2017/04/11","WU",-1.79838668631155
"2017/04/11","AEE",-1.77353300435805
"2017/04/11","CSX",-1.75699423181067
"2017/04/11","MSFT",-1.75641860608809
"2017/04/11","DOV",-1.72377493575614
"2017/04/11","QRVO",-1.71456800015334
"2017/04/11","WDC",-1.71380963857389
"2017/04/11","URI",-1.66585046815125
"2017/04/11","BA",-1.66309081551495
"2017/04/11","OXY",-1.65375619757388
"2017/04/11","UNP",-1.6364903050517
"2017/04/11","AJG",-1.62817081957094
"2017/04/11","LNC",-1.61547945515861
"2017/04/11","FCX",-1.60368773090675
"2017/04/11","GOOG",-1.59054742682799
"2017/04/11","SWN",-1.58040284942
"2017/04/11","VLO",-1.55480061980643
"2017/04/11","BBBY",-1.55459583227968
"2017/04/11","ZION",-1.5340010878332
"2017/04/11","PPG",-1.52165057286002
"2017/04/11","COO",-1.5192508626271
"2017/04/11","MKC",-1.47864793764681
"2017/04/11","COL",-1.47624553714217
"2017/04/11","KR",-1.47546967512012
"2017/04/11","ETFC",-1.46860361838752
"2017/04/11","NFLX",-1.46839377425791
"2017/04/11","ICE",-1.46603689079498
"2017/04/11","STT",-1.46333440626182
"2017/04/11","MRO",-1.39697271552088
"2017/04/11","ORLY",-1.36561251036558
"2017/04/11","PDCO",-1.36121430310959
"2017/04/11","IP",-1.35689640509641
"2017/04/11","XEL",-1.34530776913427
"2017/04/11","PVH",-1.34253389295775
"2017/04/11","TRIP",-1.33873424659893
"2017/04/11","TGNA",1.35308642161456
"2017/04/11","COH",1.35544892292982
"2017/04/11","FITB",1.38769812306558
"2017/04/11","STX",1.39794274377183
"2017/04/11","YHOO",1.4115561794009
"2017/04/11","FOXA",1.41233091914982
"2017/04/11","USB",1.41901216397858
"2017/04/11","PEG",1.43377309080894
"2017/04/11","KORS",1.44094589652345
"2017/04/11","ORCL",1.46750730397781
"2017/04/11","DTE",1.46805138160281
"2017/04/11","MYL",1.48170429188724
"2017/04/11","CME",1.48726682108025
"2017/04/11","BCR",1.49091158638115
"2017/04/11","TMO",1.5033252014207
"2017/04/11","D",1.51353754671776
"2017/04/11","NDAQ",1.53288294936199
"2017/04/11","ALL",1.54129766368924
"2017/04/11","WBA",1.54283116460523
"2017/04/11","MO",1.55566127409995
"2017/04/11","CMA",1.57153196769532
"2017/04/11","HP",1.57497954464838
"2017/04/11","CA",1.59391179521124
"2017/04/11","LNT",1.61201364458852
"2017/04/11","CELG",1.64183841494763
"2017/04/11","SRE",1.6502524654392
"2017/04/11","TROW",1.66000595248366
"2017/04/11","EQT",1.6656055402382
"2017/04/11","ESS",1.67029122161123
"2017/04/11","SEE",1.69633197499038
"2017/04/11","AMP",1.7035879632154
"2017/04/11","AAL",1.74437427615747
"2017/04/11","HUM",1.74510985789249
"2017/04/11","CLX",1.8183476497569
"2017/04/11","LRCX",1.81914025264598
"2017/04/11","AMAT",1.86893917038159
"2017/04/11","ABBV",1.91800468729616
"2017/04/11","LOW",1.92669559370224
"2017/04/11","CMS",1.9622980018372
"2017/04/11","MLM",2.00299057739261
"2017/04/11","SYY",2.03478140321602
"2017/04/11","NTAP",2.04959330373208
"2017/04/11","VMC",2.05429754643331
"2017/04/11","ISRG",2.07704414508049
"2017/04/11","KMB",2.09154016780394
"2017/04/11","RHT",2.09718973093151
"2017/04/11","A",2.1285385524561
"2017/04/11","ROP",2.217315194867
"2017/04/11","BDX",2.45705830404432
"2017/04/11","CCL",2.92526063425984
"2017/04/12","ED",-3.03765167402722
"2017/04/12","WY",-2.85845355927706
"2017/04/12","WYNN",-2.82035382641962
"2017/04/12","EMR",-2.37797078182242
"2017/04/12","DUK",-2.21100238879296
"2017/04/12","SO",-2.20841150173595
"2017/04/12","AXP",-2.15869391717297
"2017/04/12","NWL",-2.13389010208679
"2017/04/12","T",-2.02750736120609
"2017/04/12","STT",-2.00262980363437
"2017/04/12","JEC",-2.00020243308505
"2017/04/12","BHI",-2.0001208780937
"2017/04/12","AAPL",-1.97492100374687
"2017/04/12","FLIR",-1.97364350167051
"2017/04/12","WLTW",-1.96737283947397
"2017/04/12","EQIX",-1.95787308798217
"2017/04/12","SWKS",-1.95394260697718
"2017/04/12","XRX",-1.94166345104093
"2017/04/12","BBT",-1.9350108311001
"2017/04/12","HAL",-1.90689799396631
"2017/04/12","KMX",-1.85944016463172
"2017/04/12","SWK",-1.80201356045427
"2017/04/12","FITB",-1.77343763633247
"2017/04/12","PXD",-1.73918701326034
"2017/04/12","EIX",-1.72110922713231
"2017/04/12","AEE",-1.69713531027458
"2017/04/12","SNA",-1.69144935749612
"2017/04/12","SCHW",-1.67723045113736
"2017/04/12","CTAS",-1.66310633813885
"2017/04/12","IRM",-1.64584653177067
"2017/04/12","CBS",-1.61998496396544
"2017/04/12","ABC",-1.61515641662249
"2017/04/12","HAS",-1.58449252896661
"2017/04/12","DFS",-1.58166049646309
"2017/04/12","UNM",-1.56942905907262
"2017/04/12","CSX",-1.52248967611621
"2017/04/12","TGT",-1.50928193734568
"2017/04/12","ACN",-1.47107867773725
"2017/04/12","URBN",-1.45664928748242
"2017/04/12","COTY",-1.45315356493987
"2017/04/12","ALK",-1.44255190797847
"2017/04/12","KR",-1.42554309641686
"2017/04/12","WU",-1.42208416765993
"2017/04/12","CMA",-1.41484199527187
"2017/04/12","APD",-1.39027719340649
"2017/04/12","NOV",-1.38605982393598
"2017/04/12","FOX",-1.36992645355378
"2017/04/12","MKC",-1.36702795244829
"2017/04/12","MLM",-1.35684101016443
"2017/04/12","DPS",-1.35388780319949
"2017/04/12","LNC",1.39495786075725
"2017/04/12","MRO",1.39611163052581
"2017/04/12","NEE",1.41249477617162
"2017/04/12","UAL",1.43152029521855
"2017/04/12","LVLT",1.43172639601511
"2017/04/12","AIZ",1.50129690938846
"2017/04/12","AMZN",1.50696340992967
"2017/04/12","PSX",1.53950264812075
"2017/04/12","NEM",1.5417358525324
"2017/04/12","AVGO",1.54212621235757
"2017/04/12","SYK",1.55206248747892
"2017/04/12","COST",1.55576254655624
"2017/04/12","ALXN",1.56292225782853
"2017/04/12","ISRG",1.56663573889262
"2017/04/12","PRGO",1.63807216382824
"2017/04/12","PH",1.6402272412103
"2017/04/12","KMI",1.64236606725335
"2017/04/12","ADI",1.65488678352759
"2017/04/12","ANTM",1.66861401294951
"2017/04/12","KMB",1.69534673207302
"2017/04/12","STX",1.726586187649
"2017/04/12","MCO",1.73058016723105
"2017/04/12","K",1.75007680569299
"2017/04/12","TSO",1.77178375891381
"2017/04/12","SRCL",1.78022886814558
"2017/04/12","FIS",1.78036304368138
"2017/04/12","GPS",1.78374376538116
"2017/04/12","LKQ",1.82303644256453
"2017/04/12","FFIV",1.83440323982255
"2017/04/12","MET",1.84134069934851
"2017/04/12","SNI",1.85877248390887
"2017/04/12","CLX",1.93619479284411
"2017/04/12","TMO",1.94056168715537
"2017/04/12","KO",1.94095510802123
"2017/04/12","XL",2.00888587619147
"2017/04/12","CCL",2.01319127831058
"2017/04/12","MO",2.06776178344499
"2017/04/12","DD",2.08349960099946
"2017/04/12","ROP",2.09346668481497
"2017/04/12","NTAP",2.10198375279863
"2017/04/12","VZ",2.10821876775493
"2017/04/12","BDX",2.15162206353326
"2017/04/12","MAR",2.16487087258488
"2017/04/12","DIS",2.18556505969948
"2017/04/12","CRM",2.18637036273944
"2017/04/12","UNP",2.26143534670524
"2017/04/12","ORCL",2.30349717150687
"2017/04/12","BCR",2.40292015178859
"2017/04/12","PPG",2.55894021953697
"2017/04/12","PFE",2.73523047650786
"2017/04/13","SWKS",-2.64935725301899
"2017/04/13","CSCO",-2.50026294803638
"2017/04/13","GPN",-2.45117827735148
"2017/04/13","ISRG",-2.22871524004872
"2017/04/13","DLPH",-2.17214343877604
"2017/04/13","ABC",-2.14688234289933
"2017/04/13","AAPL",-2.0270722762629
"2017/04/13","WYNN",-2.01610718658471
"2017/04/13","WY",-2.01233450458255
"2017/04/13","UDR",-1.99033483503657
"2017/04/13","AES",-1.96584633617791
"2017/04/13","CSRA",-1.94769436740842
"2017/04/13","ADBE",-1.93914812847713
"2017/04/13","MAS",-1.92550889644956
"2017/04/13","DFS",-1.85979274270171
"2017/04/13","AMZN",-1.8195900031354
"2017/04/13","PVH",-1.79954801798322
"2017/04/13","SBUX",-1.78898710612596
"2017/04/13","DG",-1.76517779006278
"2017/04/13","EQR",-1.75550727210771
"2017/04/13","CL",-1.74136877058588
"2017/04/13","FMC",-1.73271103325664
"2017/04/13","GGP",-1.72626569411766
"2017/04/13","BMY",-1.70584893338931
"2017/04/13","CMCSA",-1.70266949113038
"2017/04/13","ACN",-1.69530613992161
"2017/04/13","TGT",-1.66567205390632
"2017/04/13","SPLS",-1.60923800237322
"2017/04/13","STZ",-1.59978750416821
"2017/04/13","BLK",-1.59800953866348
"2017/04/13","AEP",-1.59749830895394
"2017/04/13","ZION",-1.58645098786759
"2017/04/13","K",-1.54766930230414
"2017/04/13","VIAB",-1.5416791190022
"2017/04/13","AVGO",-1.53757583269548
"2017/04/13","FTR",-1.53627996036004
"2017/04/13","FOXA",-1.53569987834947
"2017/04/13","EQT",-1.53507362700327
"2017/04/13","CBS",-1.52874054823775
"2017/04/13","PFE",-1.511691532875
"2017/04/13","MRK",-1.50434916082663
"2017/04/13","AWK",-1.49891014019484
"2017/04/13","NWSA",-1.49010912736049
"2017/04/13","COG",-1.48623194183018
"2017/04/13","FB",-1.48064741778691
"2017/04/13","AMT",-1.4605326073432
"2017/04/13","QCOM",-1.46008271542976
"2017/04/13","NOV",-1.45052310978557
"2017/04/13","XYL",-1.44284814502662
"2017/04/13","HAL",-1.37666934630774
"2017/04/13","LEN",1.15115246970146
"2017/04/13","NTAP",1.15296376657342
"2017/04/13","EQIX",1.15504233543594
"2017/04/13","USB",1.16106986203021
"2017/04/13","CHRW",1.16477223293732
"2017/04/13","COF",1.17028225435249
"2017/04/13","CF",1.18421545333994
"2017/04/13","CAT",1.19014003307378
"2017/04/13","HPQ",1.19405838434119
"2017/04/13","LOW",1.22477742092285
"2017/04/13","LLY",1.23956063945814
"2017/04/13","XL",1.25163719281068
"2017/04/13","LUV",1.3025289020935
"2017/04/13","GS",1.31528898349421
"2017/04/13","HCA",1.3171625165156
"2017/04/13","FFIV",1.33264072908721
"2017/04/13","MCD",1.33836499542765
"2017/04/13","VRSK",1.37299787980707
"2017/04/13","EW",1.39884202635645
"2017/04/13","HRL",1.40339873537354
"2017/04/13","KMI",1.42292839990095
"2017/04/13","MTD",1.43468098070771
"2017/04/13","TMO",1.44388871461652
"2017/04/13","HCP",1.45136905004136
"2017/04/13","CTAS",1.49515953090058
"2017/04/13","YHOO",1.51071417288168
"2017/04/13","URBN",1.60374087849887
"2017/04/13","BCR",1.67938651229462
"2017/04/13","BA",1.6816245881125
"2017/04/13","SYF",1.68419658209935
"2017/04/13","JWN",1.69289433851561
"2017/04/13","GPS",1.70532640109396
"2017/04/13","YUM",1.70991592025985
"2017/04/13","CBG",1.74007823759343
"2017/04/13","PHM",1.75337644766298
"2017/04/13","NOC",1.75734230788674
"2017/04/13","A",1.76578587854819
"2017/04/13","HSIC",1.81671371796153
"2017/04/13","GLW",1.87983846094664
"2017/04/13","HES",1.87988006021174
"2017/04/13","ITW",1.940021017888
"2017/04/13","FIS",1.94261088465368
"2017/04/13","AAP",1.96094599515188
"2017/04/13","HRS",1.97350468023152
"2017/04/13","JCI",2.01880056996603
"2017/04/13","CMI",2.0634403502666
"2017/04/13","DAL",2.06897011865389
"2017/04/13","FCX",2.07996483281755
"2017/04/13","BAX",2.0952620051003
"2017/04/13","KORS",2.48674563602703
"2017/04/14","WDC",-2.71481072204244
"2017/04/14","COST",-2.61424617923812
"2017/04/14","MKC",-2.49277678613621
"2017/04/14","ISRG",-2.36956862609433
"2017/04/14","EA",-2.11111299249118
"2017/04/14","EXC",-1.98873339216834
"2017/04/14","MA",-1.92904423024663
"2017/04/14","MCK",-1.90174862556969
"2017/04/14","PCLN",-1.88626437354704
"2017/04/14","UDR",-1.83993623205981
"2017/04/14","COP",-1.79486223002724
"2017/04/14","EMR",-1.75105761776544
"2017/04/14","PWR",-1.75060169021898
"2017/04/14","ROK",-1.72830452095908
"2017/04/14","JBHT",-1.69308873207277
"2017/04/14","VRSN",-1.68239553978864
"2017/04/14","KO",-1.67281962388151
"2017/04/14","TSCO",-1.66586877599509
"2017/04/14","FB",-1.59912170767253
"2017/04/14","GRMN",-1.54241832015175
"2017/04/14","ILMN",-1.52764685619559
"2017/04/14","REGN",-1.51371054280438
"2017/04/14","WYNN",-1.48887316473716
"2017/04/14","MET",-1.48820522051757
"2017/04/14","RHI",-1.48290086355291
"2017/04/14","EXR",-1.47007933210429
"2017/04/14","PEP",-1.46932058488361
"2017/04/14","SBUX",-1.46871986837958
"2017/04/14","SO",-1.46270334417716
"2017/04/14","CMS",-1.45815705199475
"2017/04/14","AAPL",-1.45691684334796
"2017/04/14","RRC",-1.423091859997
"2017/04/14","SLB",-1.41516664108344
"2017/04/14","C",-1.41293031211203
"2017/04/14","MAA",-1.40453976180751
"2017/04/14","IP",-1.40079303838494
"2017/04/14","ORLY",-1.38274771858365
"2017/04/14","CL",-1.34598180416361
"2017/04/14","IR",-1.34274028392505
"2017/04/14","DLPH",-1.3397899401598
"2017/04/14","CVX",-1.31433468322189
"2017/04/14","XYL",-1.31046452853969
"2017/04/14","AMT",-1.2715616418214
"2017/04/14","AME",-1.26381849695854
"2017/04/14","PLD",-1.26378479365542
"2017/04/14","LVLT",-1.25829685285377
"2017/04/14","HCN",-1.25658765106814
"2017/04/14","ZION",-1.25351279618165
"2017/04/14","NVDA",-1.24664289191466
"2017/04/14","MJN",-1.2300769550997
"2017/04/14","CRM",1.55849256032034
"2017/04/14","VNO",1.56353809410688
"2017/04/14","PGR",1.6058727571269
"2017/04/14","CXO",1.60663555532882
"2017/04/14","LLY",1.61182671002502
"2017/04/14","INTU",1.62073553924462
"2017/04/14","CB",1.63534815724047
"2017/04/14","HPQ",1.63967255029181
"2017/04/14","AES",1.64354542743792
"2017/04/14","MDLZ",1.65017759230263
"2017/04/14","FL",1.65075434876917
"2017/04/14","PRGO",1.65842735443737
"2017/04/14","EW",1.66283380941204
"2017/04/14","MO",1.68122757892801
"2017/04/14","TSS",1.7015268297153
"2017/04/14","ALB",1.70555860963866
"2017/04/14","CLX",1.71466740461051
"2017/04/14","NBL",1.73176825633726
"2017/04/14","KIM",1.74205806742586
"2017/04/14","LKQ",1.74886036059743
"2017/04/14","CMI",1.75883471651969
"2017/04/14","F",1.78070425716589
"2017/04/14","ETN",1.78583481428601
"2017/04/14","AMP",1.80142307539273
"2017/04/14","NTAP",1.80975680387662
"2017/04/14","STZ",1.83261732078043
"2017/04/14","CBOE",1.86705753588615
"2017/04/14","XRX",1.86773583361211
"2017/04/14","ITW",1.8703779067283
"2017/04/14","NKE",1.87193384825288
"2017/04/14","MMM",1.90093172645485
"2017/04/14","WBA",1.90204790111421
"2017/04/14","BIIB",1.93238480531042
"2017/04/14","CTAS",1.93239742335596
"2017/04/14","HAS",1.94183202923952
"2017/04/14","SYK",2.05237776270438
"2017/04/14","KORS",2.06387730151985
"2017/04/14","TDC",2.07052693774244
"2017/04/14","MDT",2.07383888557976
"2017/04/14","CF",2.12277780190647
"2017/04/14","GOOGL",2.13703238840378
"2017/04/14","SPGI",2.1646294656209
"2017/04/14","MAR",2.17092142264238
"2017/04/14","DIS",2.18030637030955
"2017/04/14","ARNC",2.26259789094835
"2017/04/14","AXP",2.27192211638674
"2017/04/14","KMI",2.37650692051668
"2017/04/14","HIG",2.62055484044083
"2017/04/14","ALLE",2.62083188626948
"2017/04/14","RSG",2.95628786985343
"2017/04/18","HP",-3.10396054990138
"2017/04/18","GE",-2.82066816452585
"2017/04/18","L",-2.63956857710133
"2017/04/18","AON",-2.22767085701238
"2017/04/18","IFF",-2.18877828309076
"2017/04/18","LYB",-2.18860648481439
"2017/04/18","AEP",-2.13182883601997
"2017/04/18","ABC",-2.10397844808223
"2017/04/18","ESRX",-2.03106615713735
"2017/04/18","WYNN",-2.02530117229408
"2017/04/18","FOXA",-2.0063973257502
"2017/04/18","UAA",-1.96620532130474
"2017/04/18","MAA",-1.96077145087915
"2017/04/18","RAI",-1.9494251213803
"2017/04/18","DISCA",-1.91954952162071
"2017/04/18","MPC",-1.87599142973067
"2017/04/18","HCN",-1.87573671201903
"2017/04/18","CAG",-1.86055625035418
"2017/04/18","PLD",-1.84020326259999
"2017/04/18","HAL",-1.79776414219045
"2017/04/18","NWSA",-1.79335699960354
"2017/04/18","JEC",-1.77203741214935
"2017/04/18","CMS",-1.75952673432045
"2017/04/18","EQR",-1.75935144158553
"2017/04/18","NWL",-1.73440216523476
"2017/04/18","AMP",-1.72766201165928
"2017/04/18","CVX",-1.70053618422264
"2017/04/18","IR",-1.69973338185473
"2017/04/18","URI",-1.68631590020278
"2017/04/18","SEE",-1.67647058705955
"2017/04/18","TGNA",-1.66535741466921
"2017/04/18","AVB",-1.66516308806379
"2017/04/18","FDX",-1.66018049288298
"2017/04/18","BK",-1.62075091323964
"2017/04/18","ROST",-1.60394428971754
"2017/04/18","ALK",-1.60029890412926
"2017/04/18","REGN",-1.59592810384452
"2017/04/18","EBAY",-1.56479193222321
"2017/04/18","HRS",-1.56037591889732
"2017/04/18","PWR",-1.55594886697465
"2017/04/18","AAPL",-1.54593186392876
"2017/04/18","SWK",-1.53052477134449
"2017/04/18","PVH",-1.52499738942878
"2017/04/18","DLPH",-1.52094877966274
"2017/04/18","WY",-1.51978958576084
"2017/04/18","AN",-1.50520539627767
"2017/04/18","PH",-1.45038108006446
"2017/04/18","LUK",-1.44195956867029
"2017/04/18","GILD",-1.43663087770469
"2017/04/18","HST",-1.42851718800973
"2017/04/18","MRO",1.30103716523973
"2017/04/18","CF",1.30945812958474
"2017/04/18","PSX",1.31005634954383
"2017/04/18","PDCO",1.31029580226959
"2017/04/18","AMGN",1.32308650030965
"2017/04/18","CTSH",1.32470536325962
"2017/04/18","PPG",1.33787219414533
"2017/04/18","TMO",1.34632023810985
"2017/04/18","DNB",1.4030012044356
"2017/04/18","SRCL",1.40603108556883
"2017/04/18","AMG",1.40705667153022
"2017/04/18","ADI",1.41747651642435
"2017/04/18","WU",1.42757982350171
"2017/04/18","SYY",1.42961242673279
"2017/04/18","RRC",1.45151701195326
"2017/04/18","WBA",1.45419156358827
"2017/04/18","DOW",1.48868371113765
"2017/04/18","VRTX",1.50262478325904
"2017/04/18","PM",1.52373967566557
"2017/04/18","WFC",1.55084456437926
"2017/04/18","TDC",1.5524678663051
"2017/04/18","WM",1.56009494287518
"2017/04/18","NSC",1.56191842842487
"2017/04/18","GD",1.56879921753109
"2017/04/18","DOV",1.57444141329463
"2017/04/18","KORS",1.58105304518368
"2017/04/18","MO",1.59237789297911
"2017/04/18","ALLE",1.61477265177527
"2017/04/18","INTU",1.62034707447239
"2017/04/18","USB",1.63782569246772
"2017/04/18","A",1.69598213923332
"2017/04/18","EXPE",1.69620583039023
"2017/04/18","BA",1.70545647621119
"2017/04/18","YUM",1.71868856675452
"2017/04/18","ES",1.72406460863202
"2017/04/18","CTAS",1.73972543137168
"2017/04/18","MS",1.74784279930924
"2017/04/18","FBHS",1.77820789413986
"2017/04/18","LEG",1.93296014844265
"2017/04/18","COO",1.95644977230525
"2017/04/18","MON",1.99689839885599
"2017/04/18","NTAP",2.05587120412234
"2017/04/18","AET",2.15402047781377
"2017/04/18","ABT",2.17493772667258
"2017/04/18","CHD",2.21861164002933
"2017/04/18","FISV",2.35149665757015
"2017/04/18","TXN",2.57738974356122
"2017/04/18","MU",2.65415557443955
"2017/04/18","SPG",2.65830757154165
"2017/04/18","BAC",2.84928899535771
